{
    "loss": 4.067691326141357,
    "accuracy": 0.5035971403121948
}