{
    "loss": 5.203682899475098,
    "accuracy": 0.5035971403121948
}