{
    "loss": 24.873159408569336,
    "accuracy": 0.5179855823516846
}