{
    "loss": 11.48104190826416,
    "accuracy": 0.5467625856399536
}