{
    "loss": 26.466808319091797,
    "accuracy": 0.48201438784599304
}